[
  { "countryName": "Afghanistan", "code": "+93" },
  { "countryName": "Albania", "code": "+355" },
  { "countryName": "Algeria", "code": "+213" },
  { "countryName": "American Samoa", "code": "+1-684" },
  { "countryName": "Andorra", "code": "+376" },
  { "countryName": "Angola", "code": "+244" },
  { "countryName": "Anguilla", "code": "+1-264" },
  { "countryName": "Antarctica", "code": "+672" },
  { "countryName": "Antigua and Barbuda", "code": "+1-268" },
  { "countryName": "Argentina", "code": "+54" },
  { "countryName": "Armenia", "code": "+374" },
  { "countryName": "Aruba", "code": "+297" },
  { "countryName": "Asia/Pacific Region", "code": "" },
  { "countryName": "Australia", "code": "+61" },
  { "countryName": "Austria", "code": "+43" },
  { "countryName": "Azerbaijan", "code": "+994" },
  { "countryName": "Bahamas", "code": "+1-242" },
  { "countryName": "Bahrain", "code": "+973" },
  { "countryName": "Bangladesh", "code": "+880" },
  { "countryName": "Barbados", "code": "+1-246" },
  { "countryName": "Belarus", "code": "+375" },
  { "countryName": "Belgium", "code": "+32" },
  { "countryName": "Belize", "code": "+501" },
  { "countryName": "Benin", "code": "+229" },
  { "countryName": "Bermuda", "code": "+1-441" },
  { "countryName": "Bhutan", "code": "+975" },
  { "countryName": "Bolivia", "code": "+591" },
  { "countryName": "Bonaire, Sint Eustatius and Saba", "code": "+599" },
  { "countryName": "Bosnia and Herzegovina", "code": "+387" },
  { "countryName": "Botswana", "code": "+267" },
  { "countryName": "Bouvet Island", "code": "+47" },
  { "countryName": "Brazil", "code": "+55" },
  { "countryName": "British Indian Ocean Territory", "code": "+246" },
  { "countryName": "Brunei Darussalam", "code": "+673" },
  { "countryName": "Bulgaria", "code": "+359" },
  { "countryName": "Burkina Faso", "code": "+226" },
  { "countryName": "Burundi", "code": "+257" },
  { "countryName": "Cambodia", "code": "+855" },
  { "countryName": "Cameroon", "code": "+237" },
  { "countryName": "Canada", "code": "+1" },
  { "countryName": "Cape Verde", "code": "+238" },
  { "countryName": "Cayman Islands", "code": "+1-345" },
  { "countryName": "Central African Republic", "code": "+236" },
  { "countryName": "Chad", "code": "+235" },
  { "countryName": "Chile", "code": "+56" },
  { "countryName": "China", "code": "+86" },
  { "countryName": "Christmas Island", "code": "+61" },
  { "countryName": "Cocos (Keeling) Islands", "code": "+61" },
  { "countryName": "Colombia", "code": "+57" },
  { "countryName": "Comoros", "code": "+269" },
  { "countryName": "Congo", "code": "+242" },
  { "countryName": "Congo, The Democratic Republic of the", "code": "+243" },
  { "countryName": "Cook Islands", "code": "+682" },
  { "countryName": "Costa Rica", "code": "+506" },
  { "countryName": "Croatia", "code": "+385" },
  { "countryName": "Cuba", "code": "+53" },
  { "countryName": "Curaçao", "code": "+599" },
  { "countryName": "Cyprus", "code": "+357" },
  { "countryName": "Czech Republic", "code": "+420" },
  { "countryName": "Côte d'Ivoire", "code": "+225" },
  { "countryName": "Denmark", "code": "+45" },
  { "countryName": "Djibouti", "code": "+253" },
  { "countryName": "Dominica", "code": "+1-767" },
  { "countryName": "Dominican Republic", "code": "+1-809" },
  { "countryName": "Ecuador", "code": "+593" },
  { "countryName": "Egypt", "code": "+20" },
  { "countryName": "El Salvador", "code": "+503" },
  { "countryName": "Equatorial Guinea", "code": "+240" },
  { "countryName": "Eritrea", "code": "+291" },
  { "countryName": "Estonia", "code": "+372" },
  { "countryName": "Ethiopia", "code": "+251" },
  { "countryName": "Falkland Islands (Malvinas)", "code": "+500" },
  { "countryName": "Faroe Islands", "code": "+298" },
  { "countryName": "Fiji", "code": "+679" },
  { "countryName": "Finland", "code": "+358" },
  { "countryName": "France", "code": "+33" },
  { "countryName": "French Guiana", "code": "+594" },
  { "countryName": "French Polynesia", "code": "+689" },
  { "countryName": "French Southern Territories", "code": "+262" },
  { "countryName": "Gabon", "code": "+241" },
  { "countryName": "Gambia", "code": "+220" },
  { "countryName": "Georgia", "code": "+995" },
  { "countryName": "Germany", "code": "+49" },
  { "countryName": "Ghana", "code": "+233" },
  { "countryName": "Gibraltar", "code": "+350" },
  { "countryName": "Greece", "code": "+30" },
  { "countryName": "Greenland", "code": "+299" },
  { "countryName": "Grenada", "code": "+1-473" },
  { "countryName": "Guadeloupe", "code": "+590" },
  { "countryName": "Guam", "code": "+1-671" },
  { "countryName": "Guatemala", "code": "+502" },
  { "countryName": "Guernsey", "code": "+44-1481" },
  { "countryName": "Guinea", "code": "+224" },
  { "countryName": "Guinea-Bissau", "code": "+245" },
  { "countryName": "Guyana", "code": "+592" },
  { "countryName": "Haiti", "code": "+509" },
  { "countryName": "Heard Island and McDonald Islands", "code": "+61" },
  { "countryName": "Holy See (Vatican City State)", "code": "+379" },
  { "countryName": "Honduras", "code": "+504" },
  { "countryName": "Hong Kong", "code": "+852" },
  { "countryName": "Hungary", "code": "+36" },
  { "countryName": "Iceland", "code": "+354" },
  { "countryName": "India", "code": "+91" },
  { "countryName": "Indonesia", "code": "+62" },
  { "countryName": "Iran, Islamic Republic of", "code": "+98" },
  { "countryName": "Iraq", "code": "+964" },
  { "countryName": "Ireland", "code": "+353" },
  { "countryName": "Isle of Man", "code": "+44-1624" },
  { "countryName": "Israel", "code": "+972" },
  { "countryName": "Italy", "code": "+39" },
  { "countryName": "Jamaica", "code": "+1-876" },
  { "countryName": "Jersey", "code": "+44-1534" },
  { "countryName": "Jordan", "code": "+962" },
  { "countryName": "Kazakhstan", "code": "+7" },
  { "countryName": "Kenya", "code": "+254" },
  { "countryName": "Kiribati", "code": "+686" },
  { "countryName": "Korea, Democratic People's Republic of", "code": "+850" },
  { "countryName": "Korea, Republic of", "code": "+82" },
  { "countryName": "Kuwait", "code": "+965" },
  { "countryName": "Kyrgyzstan", "code": "+996" },
  { "countryName": "Lao People's Democratic Republic", "code": "+856" },
  { "countryName": "Latvia", "code": "+371" },
  { "countryName": "Lebanon", "code": "+961" },
  { "countryName": "Lesotho", "code": "+266" },
  { "countryName": "Liberia", "code": "+231" },
  { "countryName": "Libya", "code": "+218" },
  { "countryName": "Liechtenstein", "code": "+423" },
  { "countryName": "Lithuania", "code": "+370" },
  { "countryName": "Luxembourg", "code": "+352" },
  { "countryName": "Macao", "code": "+853" },
  { "countryName": "Madagascar", "code": "+261" },
  { "countryName": "Malawi", "code": "+265" },
  { "countryName": "Malaysia", "code": "+60" },
  { "countryName": "Maldives", "code": "+960" },
  { "countryName": "Mali", "code": "+223" },
  { "countryName": "Malta", "code": "+356" },
  { "countryName": "Marshall Islands", "code": "+692" },
  { "countryName": "Martinique", "code": "+596" },
  { "countryName": "Mauritania", "code": "+222" },
  { "countryName": "Mauritius", "code": "+230" },
  { "countryName": "Mayotte", "code": "+262" },
  { "countryName": "Mexico", "code": "+52" },
  { "countryName": "Micronesia (Federated States of)", "code": "+691" },
  { "countryName": "Moldova, Republic of", "code": "+373" },
  { "countryName": "Monaco", "code": "+377" },
  { "countryName": "Mongolia", "code": "+976" },
  { "countryName": "Montenegro", "code": "+382" },
  { "countryName": "Montserrat", "code": "+1-664" },
  { "countryName": "Morocco", "code": "+212" },
  { "countryName": "Mozambique", "code": "+258" },
  { "countryName": "Myanmar", "code": "+95" },
  { "countryName": "Namibia", "code": "+264" },
  { "countryName": "Nauru", "code": "+674" },
  { "countryName": "Nepal", "code": "+977" },
  { "countryName": "Netherlands", "code": "+31" },
  { "countryName": "New Caledonia", "code": "+687" },
  { "countryName": "New Zealand", "code": "+64" },
  { "countryName": "Nicaragua", "code": "+505" },
  { "countryName": "Niger", "code": "+227" },
  { "countryName": "Nigeria", "code": "+234" },
  { "countryName": "Niue", "code": "+683" },
  { "countryName": "Norfolk Island", "code": "+672" },
  { "countryName": "North Macedonia", "code": "+389" },
  { "countryName": "Northern Mariana Islands", "code": "+1-670" },
  { "countryName": "Norway", "code": "+47" },
  { "countryName": "Oman", "code": "+968" },
  { "countryName": "Pakistan", "code": "+92" },
  { "countryName": "Palau", "code": "+680" },
  { "countryName": "Palestine, State of", "code": "+970" },
  { "countryName": "Panama", "code": "+507" },
  { "countryName": "Papua New Guinea", "code": "+675" },
  { "countryName": "Paraguay", "code": "+595" },
  { "countryName": "Peru", "code": "+51" },
  { "countryName": "Philippines", "code": "+63" },
  { "countryName": "Pitcairn", "code": "+64" },
  { "countryName": "Poland", "code": "+48" },
  { "countryName": "Portugal", "code": "+351" },
  { "countryName": "Puerto Rico", "code": "+1-787" },
  { "countryName": "Qatar", "code": "+974" },
  { "countryName": "Réunion", "code": "+262" },
  { "countryName": "Romania", "code": "+40" },
  { "countryName": "Russian Federation", "code": "+7" },
  { "countryName": "Rwanda", "code": "+250" },
  { "countryName": "Saint Barthélemy", "code": "+590" },
  { "countryName": "Saint Helena", "code": "+290" },
  { "countryName": "Saint Kitts and Nevis", "code": "+1-869" },
  { "countryName": "Saint Lucia", "code": "+1-758" },
  { "countryName": "Saint Martin (French part)", "code": "+590" },
  { "countryName": "Saint Pierre and Miquelon", "code": "+508" },
  { "countryName": "Saint Vincent and the Grenadines", "code": "+1-784" },
  { "countryName": "Samoa", "code": "+685" },
  { "countryName": "San Marino", "code": "+378" },
  { "countryName": "Sao Tome and Principe", "code": "+239" },
  { "countryName": "Saudi Arabia", "code": "+966" },
  { "countryName": "Senegal", "code": "+221" },
  { "countryName": "Serbia", "code": "+381" },
  { "countryName": "Seychelles", "code": "+248" },
  { "countryName": "Sierra Leone", "code": "+232" },
  { "countryName": "Singapore", "code": "+65" },
  { "countryName": "Sint Maarten (Dutch part)", "code": "+1-721" },
  { "countryName": "Slovakia", "code": "+421" },
  { "countryName": "Slovenia", "code": "+386" },
  { "countryName": "Solomon Islands", "code": "+677" },
  { "countryName": "Somalia", "code": "+252" },
  { "countryName": "South Africa", "code": "+27" },
  {
    "countryName": "South Georgia and the South Sandwich Islands",
    "code": "+500"
  },
  { "countryName": "South Sudan", "code": "+211" },
  { "countryName": "Spain", "code": "+34" },
  { "countryName": "Sri Lanka", "code": "+94" },
  { "countryName": "Sudan", "code": "+249" },
  { "countryName": "Suriname", "code": "+597" },
  { "countryName": "Svalbard and Jan Mayen", "code": "+47" },
  { "countryName": "Sweden", "code": "+46" },
  { "countryName": "Switzerland", "code": "+41" },
  { "countryName": "Syrian Arab Republic", "code": "+963" },
  { "countryName": "Taiwan, Province of China", "code": "+886" },
  { "countryName": "Tajikistan", "code": "+992" },
  { "countryName": "Tanzania, United Republic of", "code": "+255" },
  { "countryName": "Thailand", "code": "+66" },
  { "countryName": "Timor-Leste", "code": "+670" },
  { "countryName": "Togo", "code": "+228" },
  { "countryName": "Tokelau", "code": "+690" },
  { "countryName": "Tonga", "code": "+676" },
  { "countryName": "Trinidad and Tobago", "code": "+1-868" },
  { "countryName": "Tunisia", "code": "+216" },
  { "countryName": "Turkey", "code": "+90" },
  { "countryName": "Turkmenistan", "code": "+993" },
  { "countryName": "Tuvalu", "code": "+688" },
  { "countryName": "Uganda", "code": "+256" },
  { "countryName": "Ukraine", "code": "+380" },
  { "countryName": "United Arab Emirates", "code": "+971" },
  { "countryName": "United Kingdom", "code": "+44" },
  { "countryName": "United States of America", "code": "+1" },
  { "countryName": "Uruguay", "code": "+598" },
  { "countryName": "Uzbekistan", "code": "+998" },
  { "countryName": "Vanuatu", "code": "+678" },
  { "countryName": "Venezuela (Bolivarian Republic of)", "code": "+58" },
  { "countryName": "Viet Nam", "code": "+84" },
  { "countryName": "Western Sahara", "code": "+212" },
  { "countryName": "Yemen", "code": "+967" },
  { "countryName": "Zambia", "code": "+260" },
  { "countryName": "Zimbabwe", "code": "+263" }
]